user_id,age,gender,occupation,generation,email,password
1,24,M,technician,20-29,a@gmail.com,movien123
2,53,F,other,50-59,a@gmail.com,movien123
3,23,M,writer,20-29,a@gmail.com,movien123
4,24,M,technician,20-29,a@gmail.com,movien123
5,33,F,other,30-39,a@gmail.com,movien123
6,42,M,executive,40-49,a@gmail.com,movien123
7,57,M,administrator,50-59,a@gmail.com,movien123
8,36,M,administrator,30-39,a@gmail.com,movien123
9,29,M,student,20-29,a@gmail.com,movien123
10,53,M,lawyer,50-59,a@gmail.com,movien123
11,39,F,other,30-39,a@gmail.com,movien123
12,28,F,other,20-29,a@gmail.com,movien123
13,47,M,educator,40-49,a@gmail.com,movien123
14,45,M,scientist,40-49,a@gmail.com,movien123
15,49,F,educator,40-49,a@gmail.com,movien123
16,21,M,entertainment,20-29,a@gmail.com,movien123
17,30,M,programmer,30-39,a@gmail.com,movien123
18,35,F,other,30-39,a@gmail.com,movien123
19,40,M,librarian,40-49,a@gmail.com,movien123
20,42,F,homemaker,40-49,a@gmail.com,movien123
21,26,M,writer,20-29,a@gmail.com,movien123
22,25,M,writer,20-29,a@gmail.com,movien123
23,30,F,artist,30-39,a@gmail.com,movien123
24,21,F,artist,20-29,a@gmail.com,movien123
25,39,M,engineer,30-39,a@gmail.com,movien123
26,49,M,engineer,40-49,a@gmail.com,movien123
27,40,F,librarian,40-49,a@gmail.com,movien123
28,32,M,writer,30-39,a@gmail.com,movien123
29,41,M,programmer,40-49,a@gmail.com,movien123
30,7,M,student,kids,a@gmail.com,movien123
31,24,M,artist,20-29,a@gmail.com,movien123
32,28,F,student,20-29,a@gmail.com,movien123
33,23,M,student,20-29,a@gmail.com,movien123
34,38,F,administrator,30-39,a@gmail.com,movien123
35,20,F,homemaker,20-29,a@gmail.com,movien123
36,19,F,student,teens,a@gmail.com,movien123
37,23,M,student,20-29,a@gmail.com,movien123
38,28,F,other,20-29,a@gmail.com,movien123
39,41,M,entertainment,40-49,a@gmail.com,movien123
40,38,M,scientist,30-39,a@gmail.com,movien123
41,33,M,engineer,30-39,a@gmail.com,movien123
42,30,M,administrator,30-39,a@gmail.com,movien123
43,29,F,librarian,20-29,a@gmail.com,movien123
44,26,M,technician,20-29,a@gmail.com,movien123
45,29,M,programmer,20-29,a@gmail.com,movien123
46,27,F,marketing,20-29,a@gmail.com,movien123
47,53,M,marketing,50-59,a@gmail.com,movien123
48,45,M,administrator,40-49,a@gmail.com,movien123
49,23,F,student,20-29,a@gmail.com,movien123
50,21,M,writer,20-29,a@gmail.com,movien123
51,28,M,educator,20-29,a@gmail.com,movien123
52,18,F,student,teens,a@gmail.com,movien123
53,26,M,programmer,20-29,a@gmail.com,movien123
54,22,M,executive,20-29,a@gmail.com,movien123
55,37,M,programmer,30-39,a@gmail.com,movien123
56,25,M,librarian,20-29,a@gmail.com,movien123
57,16,M,none,teens,a@gmail.com,movien123
58,27,M,programmer,20-29,a@gmail.com,movien123
59,49,M,educator,40-49,a@gmail.com,movien123
60,50,M,healthcare,50-59,a@gmail.com,movien123
61,36,M,engineer,30-39,a@gmail.com,movien123
62,27,F,administrator,20-29,a@gmail.com,movien123
63,31,M,marketing,30-39,a@gmail.com,movien123
64,32,M,educator,30-39,a@gmail.com,movien123
65,51,F,educator,50-59,a@gmail.com,movien123
66,23,M,student,20-29,a@gmail.com,movien123
67,17,M,student,teens,a@gmail.com,movien123
68,19,M,student,teens,a@gmail.com,movien123
69,24,M,engineer,20-29,a@gmail.com,movien123
70,27,M,engineer,20-29,a@gmail.com,movien123
71,39,M,scientist,30-39,a@gmail.com,movien123
72,48,F,administrator,40-49,a@gmail.com,movien123
73,24,M,student,20-29,a@gmail.com,movien123
74,39,M,scientist,30-39,a@gmail.com,movien123
75,24,M,entertainment,20-29,a@gmail.com,movien123
76,20,M,student,20-29,a@gmail.com,movien123
77,30,M,technician,30-39,a@gmail.com,movien123
78,26,M,administrator,20-29,a@gmail.com,movien123
79,39,F,administrator,30-39,a@gmail.com,movien123
80,34,F,administrator,30-39,a@gmail.com,movien123
81,21,M,student,20-29,a@gmail.com,movien123
82,50,M,programmer,50-59,a@gmail.com,movien123
83,40,M,other,40-49,a@gmail.com,movien123
84,32,M,executive,30-39,a@gmail.com,movien123
85,51,M,educator,50-59,a@gmail.com,movien123
86,26,M,administrator,20-29,a@gmail.com,movien123
87,47,M,administrator,40-49,a@gmail.com,movien123
88,49,F,librarian,40-49,a@gmail.com,movien123
89,43,F,administrator,40-49,a@gmail.com,movien123
90,60,M,educator,60-69,a@gmail.com,movien123
91,55,M,marketing,50-59,a@gmail.com,movien123
92,32,M,entertainment,30-39,a@gmail.com,movien123
93,48,M,executive,40-49,a@gmail.com,movien123
94,26,M,student,20-29,a@gmail.com,movien123
95,31,M,administrator,30-39,a@gmail.com,movien123
96,25,F,artist,20-29,a@gmail.com,movien123
97,43,M,artist,40-49,a@gmail.com,movien123
98,49,F,executive,40-49,a@gmail.com,movien123
99,20,M,student,20-29,a@gmail.com,movien123
100,36,M,executive,30-39,a@gmail.com,movien123
101,15,M,student,teens,a@gmail.com,movien123
102,38,M,programmer,30-39,a@gmail.com,movien123
103,26,M,student,20-29,a@gmail.com,movien123
104,27,M,student,20-29,a@gmail.com,movien123
105,24,M,engineer,20-29,a@gmail.com,movien123
106,61,M,retired,60-69,a@gmail.com,movien123
107,39,M,scientist,30-39,a@gmail.com,movien123
108,44,M,educator,40-49,a@gmail.com,movien123
109,29,M,other,20-29,a@gmail.com,movien123
110,19,M,student,teens,a@gmail.com,movien123
111,57,M,engineer,50-59,a@gmail.com,movien123
112,30,M,salesman,30-39,a@gmail.com,movien123
113,47,M,executive,40-49,a@gmail.com,movien123
114,27,M,programmer,20-29,a@gmail.com,movien123
115,31,M,engineer,30-39,a@gmail.com,movien123
116,40,M,healthcare,40-49,a@gmail.com,movien123
117,20,M,student,20-29,a@gmail.com,movien123
118,21,M,administrator,20-29,a@gmail.com,movien123
119,32,M,programmer,30-39,a@gmail.com,movien123
120,47,F,other,40-49,a@gmail.com,movien123
121,54,M,librarian,50-59,a@gmail.com,movien123
122,32,F,writer,30-39,a@gmail.com,movien123
123,48,F,artist,40-49,a@gmail.com,movien123
124,34,M,student,30-39,a@gmail.com,movien123
125,30,M,lawyer,30-39,a@gmail.com,movien123
126,28,F,lawyer,20-29,a@gmail.com,movien123
127,33,M,none,30-39,a@gmail.com,movien123
128,24,F,marketing,20-29,a@gmail.com,movien123
129,36,F,marketing,30-39,a@gmail.com,movien123
130,20,M,none,20-29,a@gmail.com,movien123
131,59,F,administrator,50-59,a@gmail.com,movien123
132,24,M,other,20-29,a@gmail.com,movien123
133,53,M,engineer,50-59,a@gmail.com,movien123
134,31,M,programmer,30-39,a@gmail.com,movien123
135,23,M,student,20-29,a@gmail.com,movien123
136,51,M,other,50-59,a@gmail.com,movien123
137,50,M,educator,50-59,a@gmail.com,movien123
138,46,M,doctor,40-49,a@gmail.com,movien123
139,20,M,student,20-29,a@gmail.com,movien123
140,30,F,student,30-39,a@gmail.com,movien123
141,49,M,programmer,40-49,a@gmail.com,movien123
142,13,M,other,teens,a@gmail.com,movien123
143,42,M,technician,40-49,a@gmail.com,movien123
144,53,M,programmer,50-59,a@gmail.com,movien123
145,31,M,entertainment,30-39,a@gmail.com,movien123
146,45,M,artist,40-49,a@gmail.com,movien123
147,40,F,librarian,40-49,a@gmail.com,movien123
148,33,M,engineer,30-39,a@gmail.com,movien123
149,35,F,marketing,30-39,a@gmail.com,movien123
150,20,F,artist,20-29,a@gmail.com,movien123
151,38,F,administrator,30-39,a@gmail.com,movien123
152,33,F,educator,30-39,a@gmail.com,movien123
153,25,M,student,20-29,a@gmail.com,movien123
154,25,M,student,20-29,a@gmail.com,movien123
155,32,F,other,30-39,a@gmail.com,movien123
156,25,M,educator,20-29,a@gmail.com,movien123
157,57,M,engineer,50-59,a@gmail.com,movien123
158,50,M,educator,50-59,a@gmail.com,movien123
159,23,F,student,20-29,a@gmail.com,movien123
160,27,M,programmer,20-29,a@gmail.com,movien123
161,50,M,lawyer,50-59,a@gmail.com,movien123
162,25,M,artist,20-29,a@gmail.com,movien123
163,49,M,administrator,40-49,a@gmail.com,movien123
164,47,M,healthcare,40-49,a@gmail.com,movien123
165,20,F,other,20-29,a@gmail.com,movien123
166,47,M,educator,40-49,a@gmail.com,movien123
167,37,M,other,30-39,a@gmail.com,movien123
168,48,M,other,40-49,a@gmail.com,movien123
169,52,F,other,50-59,a@gmail.com,movien123
170,53,F,healthcare,50-59,a@gmail.com,movien123
171,48,F,educator,40-49,a@gmail.com,movien123
172,55,M,marketing,50-59,a@gmail.com,movien123
173,56,M,other,50-59,a@gmail.com,movien123
174,30,F,administrator,30-39,a@gmail.com,movien123
175,26,F,scientist,20-29,a@gmail.com,movien123
176,28,M,scientist,20-29,a@gmail.com,movien123
177,20,M,programmer,20-29,a@gmail.com,movien123
178,26,M,other,20-29,a@gmail.com,movien123
179,15,M,entertainment,teens,a@gmail.com,movien123
180,22,F,administrator,20-29,a@gmail.com,movien123
181,26,M,executive,20-29,a@gmail.com,movien123
182,36,M,programmer,30-39,a@gmail.com,movien123
183,33,M,scientist,30-39,a@gmail.com,movien123
184,37,M,librarian,30-39,a@gmail.com,movien123
185,53,F,librarian,50-59,a@gmail.com,movien123
186,39,F,executive,30-39,a@gmail.com,movien123
187,26,M,educator,20-29,a@gmail.com,movien123
188,42,M,student,40-49,a@gmail.com,movien123
189,32,M,artist,30-39,a@gmail.com,movien123
190,30,M,administrator,30-39,a@gmail.com,movien123
191,33,M,administrator,30-39,a@gmail.com,movien123
192,42,M,educator,40-49,a@gmail.com,movien123
193,29,M,student,20-29,a@gmail.com,movien123
194,38,M,administrator,30-39,a@gmail.com,movien123
195,42,M,scientist,40-49,a@gmail.com,movien123
196,49,M,writer,40-49,a@gmail.com,movien123
197,55,M,technician,50-59,a@gmail.com,movien123
198,21,F,student,20-29,a@gmail.com,movien123
199,30,M,writer,30-39,a@gmail.com,movien123
200,40,M,programmer,40-49,a@gmail.com,movien123
201,27,M,writer,20-29,a@gmail.com,movien123
202,41,F,educator,40-49,a@gmail.com,movien123
203,25,F,student,20-29,a@gmail.com,movien123
204,52,F,librarian,50-59,a@gmail.com,movien123
205,47,M,lawyer,40-49,a@gmail.com,movien123
206,14,F,student,teens,a@gmail.com,movien123
207,39,M,marketing,30-39,a@gmail.com,movien123
208,43,M,engineer,40-49,a@gmail.com,movien123
209,33,F,educator,30-39,a@gmail.com,movien123
210,39,M,engineer,30-39,a@gmail.com,movien123
211,66,M,salesman,60-69,a@gmail.com,movien123
212,49,F,educator,40-49,a@gmail.com,movien123
213,33,M,executive,30-39,a@gmail.com,movien123
214,26,F,librarian,20-29,a@gmail.com,movien123
215,35,M,programmer,30-39,a@gmail.com,movien123
216,22,M,engineer,20-29,a@gmail.com,movien123
217,22,M,other,20-29,a@gmail.com,movien123
218,37,M,administrator,30-39,a@gmail.com,movien123
219,32,M,programmer,30-39,a@gmail.com,movien123
220,30,M,librarian,30-39,a@gmail.com,movien123
221,19,M,student,teens,a@gmail.com,movien123
222,29,M,programmer,20-29,a@gmail.com,movien123
223,19,F,student,teens,a@gmail.com,movien123
224,31,F,educator,30-39,a@gmail.com,movien123
225,51,F,administrator,50-59,a@gmail.com,movien123
226,28,M,student,20-29,a@gmail.com,movien123
227,46,M,executive,40-49,a@gmail.com,movien123
228,21,F,student,20-29,a@gmail.com,movien123
229,29,F,librarian,20-29,a@gmail.com,movien123
230,28,F,student,20-29,a@gmail.com,movien123
231,48,M,librarian,40-49,a@gmail.com,movien123
232,45,M,scientist,40-49,a@gmail.com,movien123
233,38,M,engineer,30-39,a@gmail.com,movien123
234,60,M,retired,60-69,a@gmail.com,movien123
235,37,M,educator,30-39,a@gmail.com,movien123
236,44,F,writer,40-49,a@gmail.com,movien123
237,49,M,administrator,40-49,a@gmail.com,movien123
238,42,F,administrator,40-49,a@gmail.com,movien123
239,39,M,artist,30-39,a@gmail.com,movien123
240,23,F,educator,20-29,a@gmail.com,movien123
241,26,F,student,20-29,a@gmail.com,movien123
242,33,M,educator,30-39,a@gmail.com,movien123
243,33,M,educator,30-39,a@gmail.com,movien123
244,28,M,technician,20-29,a@gmail.com,movien123
245,22,M,student,20-29,a@gmail.com,movien123
246,19,M,student,teens,a@gmail.com,movien123
247,28,M,engineer,20-29,a@gmail.com,movien123
248,25,M,student,20-29,a@gmail.com,movien123
249,25,M,student,20-29,a@gmail.com,movien123
250,29,M,executive,20-29,a@gmail.com,movien123
251,28,M,doctor,20-29,a@gmail.com,movien123
252,42,M,engineer,40-49,a@gmail.com,movien123
253,26,F,librarian,20-29,a@gmail.com,movien123
254,44,M,educator,40-49,a@gmail.com,movien123
255,23,M,entertainment,20-29,a@gmail.com,movien123
256,35,F,none,30-39,a@gmail.com,movien123
257,17,M,student,teens,a@gmail.com,movien123
258,19,F,student,teens,a@gmail.com,movien123
259,21,M,student,20-29,a@gmail.com,movien123
260,40,F,artist,40-49,a@gmail.com,movien123
261,28,M,administrator,20-29,a@gmail.com,movien123
262,19,F,student,teens,a@gmail.com,movien123
263,41,M,programmer,40-49,a@gmail.com,movien123
264,36,F,writer,30-39,a@gmail.com,movien123
265,26,M,executive,20-29,a@gmail.com,movien123
266,62,F,administrator,60-69,a@gmail.com,movien123
267,23,M,engineer,20-29,a@gmail.com,movien123
268,24,M,engineer,20-29,a@gmail.com,movien123
269,31,F,librarian,30-39,a@gmail.com,movien123
270,18,F,student,teens,a@gmail.com,movien123
271,51,M,engineer,50-59,a@gmail.com,movien123
272,33,M,scientist,30-39,a@gmail.com,movien123
273,50,F,other,50-59,a@gmail.com,movien123
274,20,F,student,20-29,a@gmail.com,movien123
275,38,M,engineer,30-39,a@gmail.com,movien123
276,21,M,student,20-29,a@gmail.com,movien123
277,35,F,administrator,30-39,a@gmail.com,movien123
278,37,F,librarian,30-39,a@gmail.com,movien123
279,33,M,programmer,30-39,a@gmail.com,movien123
280,30,F,librarian,30-39,a@gmail.com,movien123
281,15,F,student,teens,a@gmail.com,movien123
282,22,M,administrator,20-29,a@gmail.com,movien123
283,28,M,programmer,20-29,a@gmail.com,movien123
284,40,M,executive,40-49,a@gmail.com,movien123
285,25,M,programmer,20-29,a@gmail.com,movien123
286,27,M,student,20-29,a@gmail.com,movien123
287,21,M,salesman,20-29,a@gmail.com,movien123
288,34,M,marketing,30-39,a@gmail.com,movien123
289,11,M,none,kids,a@gmail.com,movien123
290,40,M,engineer,40-49,a@gmail.com,movien123
291,19,M,student,teens,a@gmail.com,movien123
292,35,F,programmer,30-39,a@gmail.com,movien123
293,24,M,writer,20-29,a@gmail.com,movien123
294,34,M,technician,30-39,a@gmail.com,movien123
295,31,M,educator,30-39,a@gmail.com,movien123
296,43,F,administrator,40-49,a@gmail.com,movien123
297,29,F,educator,20-29,a@gmail.com,movien123
298,44,M,executive,40-49,a@gmail.com,movien123
299,29,M,doctor,20-29,a@gmail.com,movien123
300,26,F,programmer,20-29,a@gmail.com,movien123
301,24,M,student,20-29,a@gmail.com,movien123
302,42,M,educator,40-49,a@gmail.com,movien123
303,19,M,student,teens,a@gmail.com,movien123
304,22,F,student,20-29,a@gmail.com,movien123
305,23,M,programmer,20-29,a@gmail.com,movien123
306,45,M,other,40-49,a@gmail.com,movien123
307,25,M,student,20-29,a@gmail.com,movien123
308,60,M,retired,60-69,a@gmail.com,movien123
309,40,M,scientist,40-49,a@gmail.com,movien123
310,37,M,educator,30-39,a@gmail.com,movien123
311,32,M,technician,30-39,a@gmail.com,movien123
312,48,M,other,40-49,a@gmail.com,movien123
313,41,M,marketing,40-49,a@gmail.com,movien123
314,20,F,student,20-29,a@gmail.com,movien123
315,31,M,educator,30-39,a@gmail.com,movien123
316,43,F,other,40-49,a@gmail.com,movien123
317,22,M,administrator,20-29,a@gmail.com,movien123
318,65,M,retired,60-69,a@gmail.com,movien123
319,38,M,programmer,30-39,a@gmail.com,movien123
320,19,M,student,teens,a@gmail.com,movien123
321,49,F,educator,40-49,a@gmail.com,movien123
322,20,M,student,20-29,a@gmail.com,movien123
323,21,M,student,20-29,a@gmail.com,movien123
324,21,F,student,20-29,a@gmail.com,movien123
325,48,M,technician,40-49,a@gmail.com,movien123
326,41,M,administrator,40-49,a@gmail.com,movien123
327,22,M,student,20-29,a@gmail.com,movien123
328,51,M,administrator,50-59,a@gmail.com,movien123
329,48,M,educator,40-49,a@gmail.com,movien123
330,35,F,educator,30-39,a@gmail.com,movien123
331,33,M,entertainment,30-39,a@gmail.com,movien123
332,20,M,student,20-29,a@gmail.com,movien123
333,47,M,other,40-49,a@gmail.com,movien123
334,32,M,librarian,30-39,a@gmail.com,movien123
335,45,M,executive,40-49,a@gmail.com,movien123
336,23,M,salesman,20-29,a@gmail.com,movien123
337,37,M,scientist,30-39,a@gmail.com,movien123
338,39,F,librarian,30-39,a@gmail.com,movien123
339,35,M,lawyer,30-39,a@gmail.com,movien123
340,46,M,engineer,40-49,a@gmail.com,movien123
341,17,F,student,teens,a@gmail.com,movien123
342,25,F,other,20-29,a@gmail.com,movien123
343,43,M,engineer,40-49,a@gmail.com,movien123
344,30,F,librarian,30-39,a@gmail.com,movien123
345,28,F,librarian,20-29,a@gmail.com,movien123
346,34,M,other,30-39,a@gmail.com,movien123
347,18,M,student,teens,a@gmail.com,movien123
348,24,F,student,20-29,a@gmail.com,movien123
349,68,M,retired,60-69,a@gmail.com,movien123
350,32,M,student,30-39,a@gmail.com,movien123
351,61,M,educator,60-69,a@gmail.com,movien123
352,37,F,programmer,30-39,a@gmail.com,movien123
353,25,M,scientist,20-29,a@gmail.com,movien123
354,29,F,librarian,20-29,a@gmail.com,movien123
355,25,M,student,20-29,a@gmail.com,movien123
356,32,F,homemaker,30-39,a@gmail.com,movien123
357,26,M,executive,20-29,a@gmail.com,movien123
358,40,M,educator,40-49,a@gmail.com,movien123
359,22,M,student,20-29,a@gmail.com,movien123
360,51,M,other,50-59,a@gmail.com,movien123
361,22,M,student,20-29,a@gmail.com,movien123
362,35,F,homemaker,30-39,a@gmail.com,movien123
363,20,M,student,20-29,a@gmail.com,movien123
364,63,M,engineer,60-69,a@gmail.com,movien123
365,29,M,lawyer,20-29,a@gmail.com,movien123
366,20,F,student,20-29,a@gmail.com,movien123
367,17,M,student,teens,a@gmail.com,movien123
368,18,M,student,teens,a@gmail.com,movien123
369,24,M,student,20-29,a@gmail.com,movien123
370,52,M,writer,50-59,a@gmail.com,movien123
371,36,M,engineer,30-39,a@gmail.com,movien123
372,25,F,student,20-29,a@gmail.com,movien123
373,24,F,other,20-29,a@gmail.com,movien123
374,36,M,executive,30-39,a@gmail.com,movien123
375,17,M,entertainment,teens,a@gmail.com,movien123
376,28,F,other,20-29,a@gmail.com,movien123
377,22,M,student,20-29,a@gmail.com,movien123
378,35,M,student,30-39,a@gmail.com,movien123
379,44,M,programmer,40-49,a@gmail.com,movien123
380,32,M,engineer,30-39,a@gmail.com,movien123
381,33,M,artist,30-39,a@gmail.com,movien123
382,45,M,engineer,40-49,a@gmail.com,movien123
383,42,M,administrator,40-49,a@gmail.com,movien123
384,52,M,programmer,50-59,a@gmail.com,movien123
385,36,M,writer,30-39,a@gmail.com,movien123
386,36,M,salesman,30-39,a@gmail.com,movien123
387,33,M,entertainment,30-39,a@gmail.com,movien123
388,31,M,other,30-39,a@gmail.com,movien123
389,44,F,writer,40-49,a@gmail.com,movien123
390,42,F,writer,40-49,a@gmail.com,movien123
391,23,M,student,20-29,a@gmail.com,movien123
392,52,M,writer,50-59,a@gmail.com,movien123
393,19,M,student,teens,a@gmail.com,movien123
394,25,M,administrator,20-29,a@gmail.com,movien123
395,43,M,other,40-49,a@gmail.com,movien123
396,57,M,engineer,50-59,a@gmail.com,movien123
397,17,M,student,teens,a@gmail.com,movien123
398,40,M,other,40-49,a@gmail.com,movien123
399,25,M,other,20-29,a@gmail.com,movien123
400,33,F,administrator,30-39,a@gmail.com,movien123
401,46,F,healthcare,40-49,a@gmail.com,movien123
402,30,M,engineer,30-39,a@gmail.com,movien123
403,37,M,other,30-39,a@gmail.com,movien123
404,29,F,programmer,20-29,a@gmail.com,movien123
405,22,F,healthcare,20-29,a@gmail.com,movien123
406,52,M,educator,50-59,a@gmail.com,movien123
407,29,M,engineer,20-29,a@gmail.com,movien123
408,23,M,student,20-29,a@gmail.com,movien123
409,48,M,administrator,40-49,a@gmail.com,movien123
410,30,F,artist,30-39,a@gmail.com,movien123
411,34,M,educator,30-39,a@gmail.com,movien123
412,25,M,educator,20-29,a@gmail.com,movien123
413,55,M,educator,50-59,a@gmail.com,movien123
414,24,M,programmer,20-29,a@gmail.com,movien123
415,39,M,educator,30-39,a@gmail.com,movien123
416,20,F,student,20-29,a@gmail.com,movien123
417,27,F,other,20-29,a@gmail.com,movien123
418,55,F,none,50-59,a@gmail.com,movien123
419,37,M,lawyer,30-39,a@gmail.com,movien123
420,53,M,educator,50-59,a@gmail.com,movien123
421,38,F,programmer,30-39,a@gmail.com,movien123
422,26,M,entertainment,20-29,a@gmail.com,movien123
423,64,M,other,60-69,a@gmail.com,movien123
424,36,F,marketing,30-39,a@gmail.com,movien123
425,19,M,student,teens,a@gmail.com,movien123
426,55,M,educator,50-59,a@gmail.com,movien123
427,51,M,doctor,50-59,a@gmail.com,movien123
428,28,M,student,20-29,a@gmail.com,movien123
429,27,M,student,20-29,a@gmail.com,movien123
430,38,M,scientist,30-39,a@gmail.com,movien123
431,24,M,marketing,20-29,a@gmail.com,movien123
432,22,M,entertainment,20-29,a@gmail.com,movien123
433,27,M,artist,20-29,a@gmail.com,movien123
434,16,F,student,teens,a@gmail.com,movien123
435,24,M,engineer,20-29,a@gmail.com,movien123
436,30,F,administrator,30-39,a@gmail.com,movien123
437,27,F,other,20-29,a@gmail.com,movien123
438,51,F,administrator,50-59,a@gmail.com,movien123
439,23,F,administrator,20-29,a@gmail.com,movien123
440,30,M,other,30-39,a@gmail.com,movien123
441,50,M,technician,50-59,a@gmail.com,movien123
442,22,M,student,20-29,a@gmail.com,movien123
443,35,M,salesman,30-39,a@gmail.com,movien123
444,51,F,lawyer,50-59,a@gmail.com,movien123
445,21,M,writer,20-29,a@gmail.com,movien123
446,57,M,educator,50-59,a@gmail.com,movien123
447,30,M,administrator,30-39,a@gmail.com,movien123
448,23,M,entertainment,20-29,a@gmail.com,movien123
449,23,M,librarian,20-29,a@gmail.com,movien123
450,35,F,educator,30-39,a@gmail.com,movien123
451,16,M,student,teens,a@gmail.com,movien123
452,35,M,administrator,30-39,a@gmail.com,movien123
453,18,M,student,teens,a@gmail.com,movien123
454,57,M,other,50-59,a@gmail.com,movien123
455,48,M,administrator,40-49,a@gmail.com,movien123
456,24,M,technician,20-29,a@gmail.com,movien123
457,33,F,salesman,30-39,a@gmail.com,movien123
458,47,M,technician,40-49,a@gmail.com,movien123
459,22,M,student,20-29,a@gmail.com,movien123
460,44,F,other,40-49,a@gmail.com,movien123
461,15,M,student,teens,a@gmail.com,movien123
462,19,F,student,teens,a@gmail.com,movien123
463,48,F,healthcare,40-49,a@gmail.com,movien123
464,60,M,writer,60-69,a@gmail.com,movien123
465,32,M,other,30-39,a@gmail.com,movien123
466,22,M,student,20-29,a@gmail.com,movien123
467,29,M,engineer,20-29,a@gmail.com,movien123
468,28,M,engineer,20-29,a@gmail.com,movien123
469,60,M,educator,60-69,a@gmail.com,movien123
470,24,M,programmer,20-29,a@gmail.com,movien123
471,10,M,student,kids,a@gmail.com,movien123
472,24,M,student,20-29,a@gmail.com,movien123
473,29,M,student,20-29,a@gmail.com,movien123
474,51,M,executive,50-59,a@gmail.com,movien123
475,30,M,programmer,30-39,a@gmail.com,movien123
476,28,M,student,20-29,a@gmail.com,movien123
477,23,F,student,20-29,a@gmail.com,movien123
478,29,M,other,20-29,a@gmail.com,movien123
479,30,M,educator,30-39,a@gmail.com,movien123
480,57,M,retired,50-59,a@gmail.com,movien123
481,73,M,retired,70-79,a@gmail.com,movien123
482,18,F,student,teens,a@gmail.com,movien123
483,29,M,scientist,20-29,a@gmail.com,movien123
484,27,M,student,20-29,a@gmail.com,movien123
485,44,F,educator,40-49,a@gmail.com,movien123
486,39,M,educator,30-39,a@gmail.com,movien123
487,22,M,engineer,20-29,a@gmail.com,movien123
488,48,M,technician,40-49,a@gmail.com,movien123
489,55,M,other,50-59,a@gmail.com,movien123
490,29,F,artist,20-29,a@gmail.com,movien123
491,43,F,writer,40-49,a@gmail.com,movien123
492,57,M,educator,50-59,a@gmail.com,movien123
493,22,M,engineer,20-29,a@gmail.com,movien123
494,38,F,administrator,30-39,a@gmail.com,movien123
495,29,M,engineer,20-29,a@gmail.com,movien123
496,21,F,student,20-29,a@gmail.com,movien123
497,20,M,student,20-29,a@gmail.com,movien123
498,26,M,writer,20-29,a@gmail.com,movien123
499,42,M,programmer,40-49,a@gmail.com,movien123
500,28,M,administrator,20-29,a@gmail.com,movien123
501,22,M,student,20-29,a@gmail.com,movien123
502,22,M,student,20-29,a@gmail.com,movien123
503,50,F,writer,50-59,a@gmail.com,movien123
504,40,F,writer,40-49,a@gmail.com,movien123
505,27,F,other,20-29,a@gmail.com,movien123
506,46,M,programmer,40-49,a@gmail.com,movien123
507,18,F,writer,teens,a@gmail.com,movien123
508,27,M,marketing,20-29,a@gmail.com,movien123
509,23,M,administrator,20-29,a@gmail.com,movien123
510,34,M,other,30-39,a@gmail.com,movien123
511,22,M,student,20-29,a@gmail.com,movien123
512,29,M,other,20-29,a@gmail.com,movien123
513,43,M,administrator,40-49,a@gmail.com,movien123
514,27,M,programmer,20-29,a@gmail.com,movien123
515,53,M,marketing,50-59,a@gmail.com,movien123
516,53,F,librarian,50-59,a@gmail.com,movien123
517,24,M,student,20-29,a@gmail.com,movien123
518,49,F,writer,40-49,a@gmail.com,movien123
519,22,M,other,20-29,a@gmail.com,movien123
520,62,M,healthcare,60-69,a@gmail.com,movien123
521,19,M,student,teens,a@gmail.com,movien123
522,36,M,engineer,30-39,a@gmail.com,movien123
523,50,F,administrator,50-59,a@gmail.com,movien123
524,56,M,educator,50-59,a@gmail.com,movien123
525,27,F,administrator,20-29,a@gmail.com,movien123
526,30,M,marketing,30-39,a@gmail.com,movien123
527,33,M,librarian,30-39,a@gmail.com,movien123
528,18,M,student,teens,a@gmail.com,movien123
529,47,F,administrator,40-49,a@gmail.com,movien123
530,29,M,engineer,20-29,a@gmail.com,movien123
531,30,F,salesman,30-39,a@gmail.com,movien123
532,20,M,student,20-29,a@gmail.com,movien123
533,43,M,librarian,40-49,a@gmail.com,movien123
534,20,M,student,20-29,a@gmail.com,movien123
535,45,F,educator,40-49,a@gmail.com,movien123
536,38,M,engineer,30-39,a@gmail.com,movien123
537,36,M,engineer,30-39,a@gmail.com,movien123
538,31,M,scientist,30-39,a@gmail.com,movien123
539,53,F,administrator,50-59,a@gmail.com,movien123
540,28,M,engineer,20-29,a@gmail.com,movien123
541,19,F,student,teens,a@gmail.com,movien123
542,21,M,student,20-29,a@gmail.com,movien123
543,33,M,scientist,30-39,a@gmail.com,movien123
544,44,F,other,40-49,a@gmail.com,movien123
545,27,M,technician,20-29,a@gmail.com,movien123
546,36,M,executive,30-39,a@gmail.com,movien123
547,50,M,educator,50-59,a@gmail.com,movien123
548,51,M,writer,50-59,a@gmail.com,movien123
549,42,M,scientist,40-49,a@gmail.com,movien123
550,16,F,student,teens,a@gmail.com,movien123
551,25,M,programmer,20-29,a@gmail.com,movien123
552,45,M,other,40-49,a@gmail.com,movien123
553,58,M,educator,50-59,a@gmail.com,movien123
554,32,M,scientist,30-39,a@gmail.com,movien123
555,29,F,educator,20-29,a@gmail.com,movien123
556,35,F,educator,30-39,a@gmail.com,movien123
557,30,F,writer,30-39,a@gmail.com,movien123
558,56,F,writer,50-59,a@gmail.com,movien123
559,69,M,executive,60-69,a@gmail.com,movien123
560,32,M,student,30-39,a@gmail.com,movien123
561,23,M,engineer,20-29,a@gmail.com,movien123
562,54,F,administrator,50-59,a@gmail.com,movien123
563,39,F,librarian,30-39,a@gmail.com,movien123
564,65,M,retired,60-69,a@gmail.com,movien123
565,40,M,student,40-49,a@gmail.com,movien123
566,20,M,student,20-29,a@gmail.com,movien123
567,24,M,entertainment,20-29,a@gmail.com,movien123
568,39,M,educator,30-39,a@gmail.com,movien123
569,34,M,educator,30-39,a@gmail.com,movien123
570,26,M,educator,20-29,a@gmail.com,movien123
571,34,M,artist,30-39,a@gmail.com,movien123
572,51,M,educator,50-59,a@gmail.com,movien123
573,68,M,retired,60-69,a@gmail.com,movien123
574,56,M,educator,50-59,a@gmail.com,movien123
575,33,M,marketing,30-39,a@gmail.com,movien123
576,48,M,executive,40-49,a@gmail.com,movien123
577,36,F,student,30-39,a@gmail.com,movien123
578,31,M,administrator,30-39,a@gmail.com,movien123
579,32,M,educator,30-39,a@gmail.com,movien123
580,16,M,student,teens,a@gmail.com,movien123
581,37,M,other,30-39,a@gmail.com,movien123
582,17,M,student,teens,a@gmail.com,movien123
583,44,M,engineer,40-49,a@gmail.com,movien123
584,25,M,student,20-29,a@gmail.com,movien123
585,69,M,librarian,60-69,a@gmail.com,movien123
586,20,M,student,20-29,a@gmail.com,movien123
587,26,M,other,20-29,a@gmail.com,movien123
588,18,F,student,teens,a@gmail.com,movien123
589,21,M,lawyer,20-29,a@gmail.com,movien123
590,50,M,educator,50-59,a@gmail.com,movien123
591,57,F,librarian,50-59,a@gmail.com,movien123
592,18,M,student,teens,a@gmail.com,movien123
593,31,F,educator,30-39,a@gmail.com,movien123
594,46,M,educator,40-49,a@gmail.com,movien123
595,25,M,programmer,20-29,a@gmail.com,movien123
596,20,M,artist,20-29,a@gmail.com,movien123
597,23,M,other,20-29,a@gmail.com,movien123
598,40,F,marketing,40-49,a@gmail.com,movien123
599,22,F,student,20-29,a@gmail.com,movien123
600,34,M,programmer,30-39,a@gmail.com,movien123
601,19,F,artist,teens,a@gmail.com,movien123
602,47,F,other,40-49,a@gmail.com,movien123
603,21,M,programmer,20-29,a@gmail.com,movien123
604,39,M,educator,30-39,a@gmail.com,movien123
605,33,M,engineer,30-39,a@gmail.com,movien123
606,28,M,programmer,20-29,a@gmail.com,movien123
607,49,F,healthcare,40-49,a@gmail.com,movien123
608,22,M,other,20-29,a@gmail.com,movien123
609,13,F,student,teens,a@gmail.com,movien123
610,22,M,student,20-29,a@gmail.com,movien123
611,46,M,librarian,40-49,a@gmail.com,movien123
612,36,M,educator,30-39,a@gmail.com,movien123
613,37,F,marketing,30-39,a@gmail.com,movien123
614,54,M,educator,50-59,a@gmail.com,movien123
615,38,M,educator,30-39,a@gmail.com,movien123
616,55,M,scientist,50-59,a@gmail.com,movien123
617,27,F,writer,20-29,a@gmail.com,movien123
618,15,F,student,teens,a@gmail.com,movien123
619,17,M,student,teens,a@gmail.com,movien123
620,18,F,writer,teens,a@gmail.com,movien123
621,17,M,student,teens,a@gmail.com,movien123
622,25,M,programmer,20-29,a@gmail.com,movien123
623,50,F,educator,50-59,a@gmail.com,movien123
624,19,M,student,teens,a@gmail.com,movien123
625,27,M,programmer,20-29,a@gmail.com,movien123
626,23,M,scientist,20-29,a@gmail.com,movien123
627,24,M,engineer,20-29,a@gmail.com,movien123
628,13,M,none,teens,a@gmail.com,movien123
629,46,F,other,40-49,a@gmail.com,movien123
630,26,F,healthcare,20-29,a@gmail.com,movien123
631,18,F,student,teens,a@gmail.com,movien123
632,18,M,student,teens,a@gmail.com,movien123
633,35,M,programmer,30-39,a@gmail.com,movien123
634,39,M,engineer,30-39,a@gmail.com,movien123
635,22,M,other,20-29,a@gmail.com,movien123
636,47,M,educator,40-49,a@gmail.com,movien123
637,30,M,other,30-39,a@gmail.com,movien123
638,45,M,engineer,40-49,a@gmail.com,movien123
639,42,F,librarian,40-49,a@gmail.com,movien123
640,20,M,student,20-29,a@gmail.com,movien123
641,24,M,student,20-29,a@gmail.com,movien123
642,18,F,student,teens,a@gmail.com,movien123
643,39,M,scientist,30-39,a@gmail.com,movien123
644,51,M,retired,50-59,a@gmail.com,movien123
645,27,M,programmer,20-29,a@gmail.com,movien123
646,17,F,student,teens,a@gmail.com,movien123
647,40,M,educator,40-49,a@gmail.com,movien123
648,43,M,engineer,40-49,a@gmail.com,movien123
649,20,M,student,20-29,a@gmail.com,movien123
650,42,M,engineer,40-49,a@gmail.com,movien123
651,65,M,retired,60-69,a@gmail.com,movien123
652,35,M,other,30-39,a@gmail.com,movien123
653,31,M,executive,30-39,a@gmail.com,movien123
654,27,F,student,20-29,a@gmail.com,movien123
655,50,F,healthcare,50-59,a@gmail.com,movien123
656,48,M,educator,40-49,a@gmail.com,movien123
657,26,F,none,20-29,a@gmail.com,movien123
658,33,M,programmer,30-39,a@gmail.com,movien123
659,31,M,educator,30-39,a@gmail.com,movien123
660,26,M,student,20-29,a@gmail.com,movien123
661,28,M,programmer,20-29,a@gmail.com,movien123
662,55,M,librarian,50-59,a@gmail.com,movien123
663,26,M,other,20-29,a@gmail.com,movien123
664,30,M,engineer,30-39,a@gmail.com,movien123
665,25,M,administrator,20-29,a@gmail.com,movien123
666,44,M,administrator,40-49,a@gmail.com,movien123
667,35,M,librarian,30-39,a@gmail.com,movien123
668,29,F,writer,20-29,a@gmail.com,movien123
669,37,M,other,30-39,a@gmail.com,movien123
670,30,M,technician,30-39,a@gmail.com,movien123
671,21,M,programmer,20-29,a@gmail.com,movien123
672,54,F,administrator,50-59,a@gmail.com,movien123
673,51,M,educator,50-59,a@gmail.com,movien123
674,13,F,student,teens,a@gmail.com,movien123
675,34,M,other,30-39,a@gmail.com,movien123
676,30,M,programmer,30-39,a@gmail.com,movien123
677,20,M,other,20-29,a@gmail.com,movien123
678,50,M,educator,50-59,a@gmail.com,movien123
679,20,F,student,20-29,a@gmail.com,movien123
680,33,M,lawyer,30-39,a@gmail.com,movien123
681,44,F,marketing,40-49,a@gmail.com,movien123
682,23,M,programmer,20-29,a@gmail.com,movien123
683,42,M,librarian,40-49,a@gmail.com,movien123
684,28,M,student,20-29,a@gmail.com,movien123
685,32,F,librarian,30-39,a@gmail.com,movien123
686,32,M,educator,30-39,a@gmail.com,movien123
687,31,F,healthcare,30-39,a@gmail.com,movien123
688,37,F,administrator,30-39,a@gmail.com,movien123
689,25,M,other,20-29,a@gmail.com,movien123
690,35,M,salesman,30-39,a@gmail.com,movien123
691,34,M,educator,30-39,a@gmail.com,movien123
692,34,M,engineer,30-39,a@gmail.com,movien123
693,43,F,healthcare,40-49,a@gmail.com,movien123
694,60,M,programmer,60-69,a@gmail.com,movien123
695,26,M,writer,20-29,a@gmail.com,movien123
696,55,M,other,50-59,a@gmail.com,movien123
697,25,M,other,20-29,a@gmail.com,movien123
698,28,F,programmer,20-29,a@gmail.com,movien123
699,44,M,other,40-49,a@gmail.com,movien123
700,17,M,student,teens,a@gmail.com,movien123
701,51,F,librarian,50-59,a@gmail.com,movien123
702,37,M,other,30-39,a@gmail.com,movien123
703,26,M,educator,20-29,a@gmail.com,movien123
704,51,F,librarian,50-59,a@gmail.com,movien123
705,21,F,student,20-29,a@gmail.com,movien123
706,23,M,student,20-29,a@gmail.com,movien123
707,56,F,librarian,50-59,a@gmail.com,movien123
708,26,F,homemaker,20-29,a@gmail.com,movien123
709,21,M,other,20-29,a@gmail.com,movien123
710,19,M,student,teens,a@gmail.com,movien123
711,22,F,student,20-29,a@gmail.com,movien123
712,22,F,student,20-29,a@gmail.com,movien123
713,42,F,other,40-49,a@gmail.com,movien123
714,26,M,engineer,20-29,a@gmail.com,movien123
715,21,M,technician,20-29,a@gmail.com,movien123
716,36,F,administrator,30-39,a@gmail.com,movien123
717,24,M,technician,20-29,a@gmail.com,movien123
718,42,M,technician,40-49,a@gmail.com,movien123
719,37,F,other,30-39,a@gmail.com,movien123
720,49,F,administrator,40-49,a@gmail.com,movien123
721,24,F,entertainment,20-29,a@gmail.com,movien123
722,50,F,homemaker,50-59,a@gmail.com,movien123
723,26,M,executive,20-29,a@gmail.com,movien123
724,31,M,executive,30-39,a@gmail.com,movien123
725,21,M,student,20-29,a@gmail.com,movien123
726,25,F,administrator,20-29,a@gmail.com,movien123
727,25,M,student,20-29,a@gmail.com,movien123
728,58,M,executive,50-59,a@gmail.com,movien123
729,19,M,student,teens,a@gmail.com,movien123
730,31,F,scientist,30-39,a@gmail.com,movien123
731,41,F,educator,40-49,a@gmail.com,movien123
732,28,F,other,20-29,a@gmail.com,movien123
733,44,F,other,40-49,a@gmail.com,movien123
734,25,F,other,20-29,a@gmail.com,movien123
735,29,F,healthcare,20-29,a@gmail.com,movien123
736,48,F,writer,40-49,a@gmail.com,movien123
737,30,M,programmer,30-39,a@gmail.com,movien123
738,35,M,technician,30-39,a@gmail.com,movien123
739,35,M,technician,30-39,a@gmail.com,movien123
740,25,F,educator,20-29,a@gmail.com,movien123
741,25,M,writer,20-29,a@gmail.com,movien123
742,35,M,student,30-39,a@gmail.com,movien123
743,31,M,programmer,30-39,a@gmail.com,movien123
744,35,M,marketing,30-39,a@gmail.com,movien123
745,42,M,writer,40-49,a@gmail.com,movien123
746,25,M,engineer,20-29,a@gmail.com,movien123
747,19,M,other,teens,a@gmail.com,movien123
748,28,M,administrator,20-29,a@gmail.com,movien123
749,33,M,other,30-39,a@gmail.com,movien123
750,28,M,administrator,20-29,a@gmail.com,movien123
751,24,F,other,20-29,a@gmail.com,movien123
752,60,M,retired,60-69,a@gmail.com,movien123
753,56,M,salesman,50-59,a@gmail.com,movien123
754,59,F,librarian,50-59,a@gmail.com,movien123
755,44,F,educator,40-49,a@gmail.com,movien123
756,30,F,none,30-39,a@gmail.com,movien123
757,26,M,student,20-29,a@gmail.com,movien123
758,27,M,student,20-29,a@gmail.com,movien123
759,20,F,student,20-29,a@gmail.com,movien123
760,35,F,other,30-39,a@gmail.com,movien123
761,17,M,student,teens,a@gmail.com,movien123
762,32,M,administrator,30-39,a@gmail.com,movien123
763,27,M,scientist,20-29,a@gmail.com,movien123
764,27,F,educator,20-29,a@gmail.com,movien123
765,31,M,student,30-39,a@gmail.com,movien123
766,42,M,other,40-49,a@gmail.com,movien123
767,70,M,engineer,70-79,a@gmail.com,movien123
768,29,M,administrator,20-29,a@gmail.com,movien123
769,39,M,executive,30-39,a@gmail.com,movien123
770,28,M,student,20-29,a@gmail.com,movien123
771,26,M,student,20-29,a@gmail.com,movien123
772,50,M,writer,50-59,a@gmail.com,movien123
773,20,M,student,20-29,a@gmail.com,movien123
774,30,M,student,30-39,a@gmail.com,movien123
775,46,M,executive,40-49,a@gmail.com,movien123
776,30,M,librarian,30-39,a@gmail.com,movien123
777,63,M,programmer,60-69,a@gmail.com,movien123
778,34,M,student,30-39,a@gmail.com,movien123
779,31,M,student,30-39,a@gmail.com,movien123
780,49,M,programmer,40-49,a@gmail.com,movien123
781,20,M,student,20-29,a@gmail.com,movien123
782,21,F,artist,20-29,a@gmail.com,movien123
783,30,M,marketing,30-39,a@gmail.com,movien123
784,47,M,administrator,40-49,a@gmail.com,movien123
785,32,M,engineer,30-39,a@gmail.com,movien123
786,36,F,engineer,30-39,a@gmail.com,movien123
787,18,F,student,teens,a@gmail.com,movien123
788,51,M,administrator,50-59,a@gmail.com,movien123
789,29,M,other,20-29,a@gmail.com,movien123
790,27,M,technician,20-29,a@gmail.com,movien123
791,31,M,educator,30-39,a@gmail.com,movien123
792,40,M,programmer,40-49,a@gmail.com,movien123
793,22,M,student,20-29,a@gmail.com,movien123
794,32,M,educator,30-39,a@gmail.com,movien123
795,30,M,programmer,30-39,a@gmail.com,movien123
796,32,F,writer,30-39,a@gmail.com,movien123
797,44,F,other,40-49,a@gmail.com,movien123
798,40,F,writer,40-49,a@gmail.com,movien123
799,49,F,administrator,40-49,a@gmail.com,movien123
800,25,M,programmer,20-29,a@gmail.com,movien123
801,22,M,writer,20-29,a@gmail.com,movien123
802,35,M,administrator,30-39,a@gmail.com,movien123
803,70,M,administrator,70-79,a@gmail.com,movien123
804,39,M,educator,30-39,a@gmail.com,movien123
805,27,F,other,20-29,a@gmail.com,movien123
806,27,M,marketing,20-29,a@gmail.com,movien123
807,41,F,healthcare,40-49,a@gmail.com,movien123
808,45,M,salesman,40-49,a@gmail.com,movien123
809,50,F,marketing,50-59,a@gmail.com,movien123
810,55,F,other,50-59,a@gmail.com,movien123
811,40,F,educator,40-49,a@gmail.com,movien123
812,22,M,technician,20-29,a@gmail.com,movien123
813,14,F,student,teens,a@gmail.com,movien123
814,30,M,other,30-39,a@gmail.com,movien123
815,32,M,other,30-39,a@gmail.com,movien123
816,34,M,other,30-39,a@gmail.com,movien123
817,19,M,student,teens,a@gmail.com,movien123
818,28,M,librarian,20-29,a@gmail.com,movien123
819,59,M,administrator,50-59,a@gmail.com,movien123
820,22,M,student,20-29,a@gmail.com,movien123
821,37,M,engineer,30-39,a@gmail.com,movien123
822,29,F,librarian,20-29,a@gmail.com,movien123
823,27,M,artist,20-29,a@gmail.com,movien123
824,31,M,other,30-39,a@gmail.com,movien123
825,44,M,engineer,40-49,a@gmail.com,movien123
826,28,M,artist,20-29,a@gmail.com,movien123
827,23,F,engineer,20-29,a@gmail.com,movien123
828,28,M,librarian,20-29,a@gmail.com,movien123
829,48,M,writer,40-49,a@gmail.com,movien123
830,46,M,programmer,40-49,a@gmail.com,movien123
831,21,M,other,20-29,a@gmail.com,movien123
832,24,M,technician,20-29,a@gmail.com,movien123
833,34,M,writer,30-39,a@gmail.com,movien123
834,26,M,other,20-29,a@gmail.com,movien123
835,44,F,executive,40-49,a@gmail.com,movien123
836,44,M,artist,40-49,a@gmail.com,movien123
837,36,F,artist,30-39,a@gmail.com,movien123
838,23,M,student,20-29,a@gmail.com,movien123
839,38,F,entertainment,30-39,a@gmail.com,movien123
840,39,M,artist,30-39,a@gmail.com,movien123
841,45,M,doctor,40-49,a@gmail.com,movien123
842,40,M,writer,40-49,a@gmail.com,movien123
843,35,M,librarian,30-39,a@gmail.com,movien123
844,22,M,engineer,20-29,a@gmail.com,movien123
845,64,M,doctor,60-69,a@gmail.com,movien123
846,27,M,lawyer,20-29,a@gmail.com,movien123
847,29,M,student,20-29,a@gmail.com,movien123
848,46,M,engineer,40-49,a@gmail.com,movien123
849,15,F,student,teens,a@gmail.com,movien123
850,34,M,technician,30-39,a@gmail.com,movien123
851,18,M,other,teens,a@gmail.com,movien123
852,46,M,administrator,40-49,a@gmail.com,movien123
853,49,M,writer,40-49,a@gmail.com,movien123
854,29,F,student,20-29,a@gmail.com,movien123
855,53,M,librarian,50-59,a@gmail.com,movien123
856,43,F,marketing,40-49,a@gmail.com,movien123
857,35,F,administrator,30-39,a@gmail.com,movien123
858,63,M,educator,60-69,a@gmail.com,movien123
859,18,F,other,teens,a@gmail.com,movien123
860,70,F,retired,70-79,a@gmail.com,movien123
861,38,F,student,30-39,a@gmail.com,movien123
862,25,M,executive,20-29,a@gmail.com,movien123
863,17,M,student,teens,a@gmail.com,movien123
864,27,M,programmer,20-29,a@gmail.com,movien123
865,25,M,artist,20-29,a@gmail.com,movien123
866,45,M,other,40-49,a@gmail.com,movien123
867,24,M,scientist,20-29,a@gmail.com,movien123
868,21,M,programmer,20-29,a@gmail.com,movien123
869,30,M,student,30-39,a@gmail.com,movien123
870,22,M,student,20-29,a@gmail.com,movien123
871,31,M,executive,30-39,a@gmail.com,movien123
872,19,F,student,teens,a@gmail.com,movien123
873,48,F,administrator,40-49,a@gmail.com,movien123
874,36,M,scientist,30-39,a@gmail.com,movien123
875,24,F,student,20-29,a@gmail.com,movien123
876,41,M,other,40-49,a@gmail.com,movien123
877,30,M,other,30-39,a@gmail.com,movien123
878,50,F,educator,50-59,a@gmail.com,movien123
879,33,F,administrator,30-39,a@gmail.com,movien123
880,13,M,student,teens,a@gmail.com,movien123
881,39,M,marketing,30-39,a@gmail.com,movien123
882,35,M,engineer,30-39,a@gmail.com,movien123
883,49,M,librarian,40-49,a@gmail.com,movien123
884,44,M,engineer,40-49,a@gmail.com,movien123
885,30,F,other,30-39,a@gmail.com,movien123
886,20,M,student,20-29,a@gmail.com,movien123
887,14,F,student,teens,a@gmail.com,movien123
888,41,M,scientist,40-49,a@gmail.com,movien123
889,24,M,technician,20-29,a@gmail.com,movien123
890,32,M,student,30-39,a@gmail.com,movien123
891,51,F,administrator,50-59,a@gmail.com,movien123
892,36,M,other,30-39,a@gmail.com,movien123
893,25,M,student,20-29,a@gmail.com,movien123
894,47,M,educator,40-49,a@gmail.com,movien123
895,31,F,librarian,30-39,a@gmail.com,movien123
896,28,M,writer,20-29,a@gmail.com,movien123
897,30,M,other,30-39,a@gmail.com,movien123
898,23,M,homemaker,20-29,a@gmail.com,movien123
899,32,M,other,30-39,a@gmail.com,movien123
900,60,M,retired,60-69,a@gmail.com,movien123
901,38,M,executive,30-39,a@gmail.com,movien123
902,45,F,artist,40-49,a@gmail.com,movien123
903,28,M,educator,20-29,a@gmail.com,movien123
904,17,F,student,teens,a@gmail.com,movien123
905,27,M,other,20-29,a@gmail.com,movien123
906,45,M,librarian,40-49,a@gmail.com,movien123
907,25,F,other,20-29,a@gmail.com,movien123
908,44,F,librarian,40-49,a@gmail.com,movien123
909,50,F,educator,50-59,a@gmail.com,movien123
910,28,M,healthcare,20-29,a@gmail.com,movien123
911,37,F,writer,30-39,a@gmail.com,movien123
912,51,M,other,50-59,a@gmail.com,movien123
913,27,M,student,20-29,a@gmail.com,movien123
914,44,F,other,40-49,a@gmail.com,movien123
915,50,M,entertainment,50-59,a@gmail.com,movien123
916,27,M,engineer,20-29,a@gmail.com,movien123
917,22,F,student,20-29,a@gmail.com,movien123
918,40,M,scientist,40-49,a@gmail.com,movien123
919,25,M,other,20-29,a@gmail.com,movien123
920,30,F,artist,30-39,a@gmail.com,movien123
921,20,F,student,20-29,a@gmail.com,movien123
922,29,F,administrator,20-29,a@gmail.com,movien123
923,21,M,student,20-29,a@gmail.com,movien123
924,29,M,other,20-29,a@gmail.com,movien123
925,18,F,salesman,teens,a@gmail.com,movien123
926,49,M,entertainment,40-49,a@gmail.com,movien123
927,23,M,programmer,20-29,a@gmail.com,movien123
928,21,M,student,20-29,a@gmail.com,movien123
929,44,M,scientist,40-49,a@gmail.com,movien123
930,28,F,scientist,20-29,a@gmail.com,movien123
931,60,M,educator,60-69,a@gmail.com,movien123
932,58,M,educator,50-59,a@gmail.com,movien123
933,28,M,student,20-29,a@gmail.com,movien123
934,61,M,engineer,60-69,a@gmail.com,movien123
935,42,M,doctor,40-49,a@gmail.com,movien123
936,24,M,other,20-29,a@gmail.com,movien123
937,48,M,educator,40-49,a@gmail.com,movien123
938,38,F,technician,30-39,a@gmail.com,movien123
939,26,F,student,20-29,a@gmail.com,movien123
940,32,M,administrator,30-39,a@gmail.com,movien123
941,20,M,student,20-29,a@gmail.com,movien123
942,48,F,librarian,40-49,a@gmail.com,movien123
943,22,M,student,20-29,a@gmail.com,movien123
